epoch,cumulative_energy_j,val_r2,info_gain_nats
0,0.0,0.0,0.0
1,0.24296052212686534,0.6836680928043211,0.5754816386943467
2,3.562432948883534,0.7081066930876223,0.6156834653852163
3,6.85484381131041,0.7172592403649811,0.6316124224279198
4,10.140580933614993,0.7227297538785231,0.6413813153167165
5,12.810102406804084,0.7266916274662716,0.6485772757802138
6,14.399528521782207,0.730195240951399,0.6550283480960334
7,15.990352659491897,0.7334677860470646,0.6611300824046007
8,17.534921042481564,0.7363401141444924,0.6665476587877304
9,19.13787175731425,0.7390853888042193,0.6717810426787149
10,20.718181238205815,0.741032142188444,0.6755256630487316
11,22.310693605008673,0.743112496821805,0.6795585103715827
12,23.873679155387713,0.7448684723246142,0.6829880359973466
13,25.47291615519979,0.7466824307221074,0.6865556814203277
14,27.063089690011477,0.7477071835432821,0.6885824479845459
15,28.639476899740338,0.7492492746495366,0.6916479797102968
16,30.206271912076332,0.7501751007753743,0.6934975048091157
17,31.829203925543524,0.751340617770597,0.6958356309295985
18,33.41702191730263,0.752057478510378,0.6972791639332799
19,34.97167706680906,0.7532404810638051,0.6996705120818061
20,36.56863161357906,0.7539216674547743,0.7010526843778282
21,38.112010941409686,0.7551951669782135,0.7036469929013978
22,39.730495578244046,0.7559253629710115,0.7051406055002557
23,41.31172564280336,0.7571861821506559,0.7077301554993665
24,42.904938623277474,0.7576873520784451,0.7087632265466892
25,44.485776634994004,0.758923325687187,0.711320122707552
26,46.078881910089564,0.7594361583780114,0.7123848854666229
27,47.61960303398256,0.7604901491397066,0.7145803660181694
28,49.262696208294365,0.761019882761006,0.7156874609899363
29,50.81394347261668,0.7620471805704986,0.7178414313267607
30,52.40240024198894,0.7623658778612747,0.7185115450549238
31,53.969738232105115,0.7634673422216929,0.7208344963629324
32,55.59084805071113,0.7637068516218519,0.7213410453235133
33,57.17140386802437,0.764633926911497,0.7233066095303632
34,58.73053828648496,0.7648767201301033,0.7238226535994409
35,60.364076162673996,0.7658498322869276,0.7258963135447272
36,61.939681250584336,0.7659066383524207,0.7260176308982191
37,63.53737158918821,0.7670222084519172,0.7284060726017515
38,65.1078577869049,0.7670554931751734,0.728477510958381
39,66.74317093843129,0.7680493051377615,0.7306152260236908
40,68.29404939405958,0.7681800116830552,0.7308970604593182
41,69.847989972072,0.7691342617289799,0.7329594785199547
42,71.47213865571614,0.7692723117438376,0.7332585512775809
43,73.07685848684608,0.7701954377027855,0.735263030212969
44,74.63489125920792,0.7702153383655472,0.7353063311907508
45,76.22474320792787,0.7712071266372114,0.7374690839257548
46,77.83096884718621,0.771352520581219,0.7377869263461262
47,79.37946673770368,0.7721295637996726,0.7394890369145826
48,81.01042869307611,0.7722732699398019,0.7398044606167861
49,82.58933232263854,0.7730831078700435,0.741585721250882
50,84.19655974403484,0.7730392333369018,0.7414890552607667
51,85.82588474678263,0.7738374354825918,0.743250613133411
52,87.41349080468947,0.7735068317086491,0.7425202482915116
53,89.02085117927601,0.7744665640162838,0.7446434280793404
54,90.61835811011237,0.7741031790825398,0.7438384642855407
55,92.23199355728366,0.7750569277343117,0.7459539604715938
56,93.79153298409352,0.7748873506765901,0.745577169204175
57,95.42007779661266,0.7755093744325255,0.7469606648047131
58,97.04080524327223,0.7753367502948464,0.7465763329405523
59,98.58560551707501,0.7761286968659626,0.7483419659091987
60,100.21887008792321,0.775926749060456,0.7478911337306352
61,101.82003936837847,0.7768147711889946,0.7498766149135403
62,103.43982531044595,0.7766510304647694,0.7495099224358517
63,105.0150499322247,0.7774267181917031,0.7512494375799924
64,106.62033992419924,0.7772758583103926,0.7509106530303378
65,108.19893741462515,0.7779929059004729,0.7525229711085728
66,109.76649701057504,0.777363931670508,0.7511084106190989
67,111.41682140264115,0.7783088873101749,0.7532351251319268
68,113.03446837110309,0.7779493398732529,0.7524248621870524
69,114.59562325558755,0.7786856401189144,0.754085572638553
70,116.23212004351676,0.7785893373899023,0.7538680499650229
71,117.84523224179904,0.7791727797483303,0.7551873460261258
72,119.44540027810552,0.7790679031958629,0.7549499394782873
73,121.039380268895,0.7795731959065275,0.7560947967144253
74,122.64892932979143,0.7794337132117364,0.7557785044587723
75,124.20406969540923,0.7799434422394846,0.756935342469874
76,125.81254372449763,0.779738956848393,0.7564709381277162
77,127.39916443267784,0.780249080399936,0.7576302788349558
78,129.0572544432093,0.7799510997529042,0.7569527417392562
79,130.6166837908358,0.7806204511316917,0.7584759746974767
80,132.23291774136027,0.780243678862407,0.7576179888496526
81,133.83562159594894,0.7808660519018675,0.7590360504934449
82,135.44529834129685,0.7806155885918347,0.7584648923381733
83,137.0535478616724,0.7812085479762176,0.7598181383652272
84,138.61217181095796,0.7809011290511463,0.7591160927628257
85,140.25604925648634,0.7815241654979384,0.7605399339036937
86,141.85146156813013,0.7812172611361392,0.7598380507826048
87,143.4241268383239,0.7818723457844423,0.7613374088880027
88,144.99502289803524,0.7817072314126167,0.760959071003072
89,146.60367269735715,0.7821730570431544,0.762027185549046
90,148.20087324119146,0.7819889694649953,0.7616048093443489
91,149.81400229492365,0.7824959201333919,0.7627688353109668
92,151.39699301269206,0.7822038728315762,0.7620979251186109
93,153.0133755798235,0.7828184279593302,0.7635107688983759
94,154.59125667551749,0.7824392840787412,0.7626386568742859
95,156.20337858284125,0.7830114065394616,0.7639552457606147
96,157.7810940888345,0.7825818470426188,0.7629664037585189
97,159.46260317318968,0.7832805542030119,0.7645758192195751
98,161.05477299828658,0.7828071275422533,0.7634847535164341
99,162.6237500735653,0.7834304813031797,0.764921840278123
100,164.24427119080582,0.7829941414751209,0.7639154639978044
101,165.85940007647534,0.7835306202637146,0.7651530873154728
102,167.84166027082543,0.7832079949786204,0.7644084436521427
103,169.51685897787445,0.7836818066848477,0.7655024190354599
104,171.13121649897718,0.7833573672410793,0.7647530683206678
105,172.72113123061612,0.7837940498202467,0.7657619262551301
106,174.35520293874248,0.7834855950912093,0.7650490991887479
107,175.9153191616147,0.7840470469239167,0.7663473524274632
108,177.53259049779462,0.783657215939235,0.7654455829746061
109,179.14494544166658,0.7842938912107454,0.76691920261096
110,180.75286190028447,0.7839741301110413,0.7661785552325744
111,182.39679471816333,0.7845658034187588,0.7675498841795311
112,183.96860734163886,0.7841841112332405,0.7666648007948417
113,185.60819820204512,0.7848241818631846,0.7681499131305609
114,187.2134004392458,0.7844477729232353,0.7672760228883272
115,188.76662573588786,0.7850116843148053,0.7685857989907547
116,190.38838452680665,0.7847286258991796,0.7679279208227985
117,192.06815313956278,0.785286878010592,0.7692262290877533
118,193.6473340480716,0.7848998173094557,0.7683256966901939
119,195.2037352115563,0.7855232881326786,0.769777057945632
120,196.8147305759352,0.7850802777024257,0.7687453526211648
121,198.43021783298556,0.7858013110919552,0.7704256209323482
122,200.03255639842018,0.7852615555948852,0.7691672645438614
123,201.64815706582365,0.785855463103113,0.7705520429420452
124,203.26410686091708,0.7852708467730563,0.7691888987212097
125,204.8344054581059,0.7859833872604388,0.7708508186745956
126,206.44928307503665,0.7852800874432083,0.7692104162209313
127,208.07726466500742,0.7860606611153033,0.7710313836495911
128,209.64263462388115,0.7856393893587806,0.7700477928440302
129,211.293111376501,0.786193256428161,0.7713413696963208
130,212.85787155978156,0.785863380923582,0.7705705303780658
131,214.4830834538542,0.7864498723850959,0.7719418420534511
132,216.0978128824686,0.7860938870961794,0.771109042488324
133,217.7065720693043,0.7867069055954794,0.772544014533162
134,219.26050624175772,0.786609791789783,0.7723164129214323
135,220.9019472606923,0.7869242980659104,0.7730538841369796
136,222.51796144876698,0.7867826785340692,0.7727216724204435
137,224.13645943702474,0.7871571210644677,0.7736005215277973
138,225.7485826100438,0.7868728590637567,0.7729331927730809
139,227.36151278486733,0.7874306097686962,0.774243400828014
140,228.92369756980696,0.7869790703494959,0.773182428415031
141,230.50807496486266,0.7876888245460629,0.7748511358717204
142,232.23231622474106,0.7873959220806692,0.7741618160380346
143,233.85080666830328,0.7877469291899128,0.7749879930016458
144,235.47707434941572,0.787188044798676,0.7736731713176804
145,237.08434435025129,0.7879114402774552,0.7753756784983005
146,238.63979250770296,0.7871708575699109,0.7736327916906421
147,240.28133695374308,0.7880658014011988,0.7757397182285585
148,241.9069725761413,0.7873862061345667,0.7741389667018497
149,243.50582482653917,0.7883130704523978,0.7763234215966206
150,245.12663343929532,0.7876583060898676,0.7747792690401276
151,246.6998507323284,0.7886348464398458,0.7770840278253753
152,248.32320849561376,0.7879787919992817,0.7755344857871641
153,249.93614761104976,0.7887909992555475,0.7774535554484411
154,251.57875471035283,0.78817892136628,0.7760066646805459
155,253.20648915752412,0.7889820741123897,0.7779060961506888
156,254.77172739652931,0.7884884207483333,0.7767377668798017
157,256.38865815862965,0.7890844829354302,0.7781488093718424
158,258.0185545350207,0.7885731334040301,0.7769380623546193
159,259.63692487120056,0.7890840037740658,0.7781476734648529
160,261.23604039874033,0.788718034961689,0.7772808552004048
161,262.81468725981995,0.7891330090608125,0.7782638594857652
162,264.44354051320744,0.7886384806060391,0.7770926247898583
163,266.07779752672843,0.78916464000052,0.7783388672245086
164,267.7082742636733,0.7885215991164458,0.7768162045963877
165,269.3346048050297,0.7893749388960375,0.7788378438838596
166,270.9170349618619,0.7886076849785826,0.7770197794954955
167,272.4912308583585,0.7892998173488975,0.7786595456474034
168,274.12373317175303,0.7885121281644463,0.7767938128535655
169,275.7372182812099,0.7893867182012229,0.7788658073999708
170,277.3544899257202,0.7886275769250151,0.77706683154278
171,278.9632439998138,0.7893951139997997,0.778885739585284
172,280.59145315371035,0.7886754349946381,0.7771800522923409
173,282.2433385121101,0.7894278578541956,0.7789634832708928
174,283.81878098026226,0.7888149781583359,0.7775103244876131
175,285.44280441666035,0.7896137802310934,0.7794051478292149
176,287.02395924474683,0.78915461656567,0.7783150970263008
177,288.65322853834545,0.7897573120906987,0.7797463794054478
178,290.28235497711364,0.789347018639027,0.77877156875381
179,291.85639760724166,0.7896902050324893,0.7795868105965328
180,293.49371030155135,0.7894319626795727,0.7789732302045207
181,295.10139837863454,0.789903309720609,0.7800937121640641
182,296.7520115253129,0.7894252088171485,0.7789571932166685
183,298.3364649671246,0.789945710026913,0.7801946289973953
184,299.920011193552,0.7896323553312896,0.7794492950178167
185,301.5614857895019,0.7901948231427209,0.7807879540614238
186,303.162827947573,0.7897251410421031,0.7796698759422798
187,304.7362699634642,0.7900584952364903,0.7804631679058838
188,306.3691860734866,0.7896515036655294,0.7794948086846024
189,307.95571069402644,0.7902630558754895,0.7809505902544487
190,309.5988929390108,0.7897850360919381,0.7798123170834986
191,311.2342007880782,0.7902508772713694,0.7809215580527005
192,312.8257460462598,0.7899112618928186,0.7801126375519367
193,314.42808658823566,0.7904093108573527,0.7812993747756459
194,316.0772981139709,0.7901106603797342,0.7805874206715161
195,317.67306910166315,0.7905131962982791,0.7815472655472291
196,319.2665741936942,0.7902681818369,0.7809628103811224
197,320.8524062095854,0.7905744020461561,0.7816933718646135
198,322.51459068247783,0.7903829911838491,0.7812365904478143
199,324.1580596929555,0.790766694517619,0.7821526777181538
200,325.7512163512825,0.7904793511604054,0.7814664909983707
201,327.34819485964584,0.7909202910803692,0.782519858667263
202,328.9935374598242,0.7904979103911223,0.781510782701484
203,330.5672782393503,0.7910399600777205,0.7828061209209162
204,332.2040730308347,0.7907877128826636,0.7822029073428266
205,333.8128592602517,0.7910450003227383,0.7828181813746937
206,335.4091695964854,0.790974215829798,0.782648832695634
207,337.0402733927639,0.7912195858910731,0.7832361147668315
208,339.04054803102576,0.7909647535001436,0.7826261988480331
209,340.70456908001773,0.791319088027324,0.7834744653203286
210,342.3819737858278,0.7909217964205432,0.782523458599559
211,343.97559852457715,0.79131963036025,0.783475764753098
212,345.6196924618505,0.791106566774194,0.7829655229633018
213,347.2181796114647,0.7913825600423008,0.7836265675636579
214,348.8744904143417,0.7910529450195705,0.7828371922810642
215,350.45120513685043,0.7914517708149654,0.7837924747281708
216,352.10196898772233,0.7911659220029316,0.7831076137462699
217,353.7171235068589,0.7915339327857767,0.783989499081014
218,355.3173695833227,0.7911050522793714,0.7829618979347188
219,356.92633288836794,0.7916841170547105,0.7843498416423383
220,358.57494910097864,0.7912486200775846,0.7833056524331201
221,360.17271223384034,0.7917895592707828,0.7846029882319568
222,361.7951072814857,0.7914218790028434,0.7837208134385877
223,363.425656896612,0.7918096107956347,0.784651142614528
224,365.02183747400494,0.7916635638572712,0.7843005122698269
225,366.6131536434688,0.7920351638952405,0.7851931353806264
226,368.2706746131158,0.7917267051047664,0.7844520719749287
227,369.8601194196019,0.7921214426543414,0.7854006143539556
228,371.49907151766604,0.7918541220870969,0.7847580544911703
229,373.1428140734048,0.7921299476874877,0.7854210715075094
230,374.770341798903,0.7918899198680616,0.7848440539354087
231,376.36856604811584,0.7920733303596155,0.7852849056234777
232,378.0034862564981,0.7919006450166884,0.784869822569477
233,379.598877121079,0.7921418254470032,0.7854496424794838
234,381.2307727098108,0.7919154376603703,0.7849053660950012
235,382.8627311035737,0.79204930200569,0.7852271281250559
236,384.49554351419675,0.7918426328319745,0.7847304562073205
237,386.06678874423324,0.7919566233270863,0.7850043396629576
238,387.7162803576088,0.791761811841288,0.7845363595348953
239,389.34718582457594,0.791984382874787,0.785071059883301
240,390.91846575525074,0.7916217235801616,0.784200107182152
241,392.57326940697914,0.7919520986562685,0.7849934654364188
242,394.1574788487908,0.79173391778071,0.7844693876870573
243,395.8014818898374,0.7919340286854053,0.7849500398934082
244,397.42761253310886,0.7916642269636752,0.7843021037040273
245,399.02783368926777,0.7918680604219588,0.7847915377426945
246,400.65543664757587,0.7917053180747521,0.7844007309424367
247,402.25444540132696,0.7918799428862746,0.7848200840665884
248,403.82042561698114,0.7916817059285388,0.7843440544882717
249,405.4688275308496,0.7918751390979678,0.784808543293118
250,407.11999579027014,0.7917028843241682,0.784394888891302
251,408.69923238080645,0.7918912815600575,0.7848473255127634
252,410.3320629809848,0.7918711764187674,0.784799023427353
253,411.93198049837076,0.7919802879515198,0.7850612171536568
254,413.5703366395279,0.7919780974473912,0.785055952045428
255,415.18325705184776,0.7920291492803467,0.7851786749361761
256,416.77260243427185,0.7918324414309256,0.7847059767672943
257,418.4181530218186,0.7920280370160417,0.7851760008563066
258,420.0478624180055,0.7919024034669013,0.7848740476129487
259,421.6668830877252,0.7921396070564422,0.7854443061997635
260,423.2482614568982,0.7919722423807717,0.7850418790460234
261,424.9106590996579,0.792094817721158,0.7853365788213401
262,426.4837216193601,0.7919530323977899,0.7849957094956254
263,428.08819474257973,0.7920151621338701,0.7851450484060775
264,429.72504284363345,0.7920784324096513,0.7852971746427481
265,431.36289961357136,0.7920807790924664,0.7853028178669822
266,432.9827858957773,0.7920425475231051,0.785210887802336
267,434.6098004779105,0.7921303441381929,0.7854220251106834
268,436.20470622325837,0.7920372016329156,0.7851980346407527
269,437.8236702846127,0.7921863576388226,0.7855567755353652
270,439.4939092482267,0.7920961589779383,0.7853398044771223
271,441.0728421404948,0.7921951695335534,0.7855779774195647
272,442.74852745687883,0.7920870342998374,0.7853178604913218
273,444.3466822106299,0.7922371931188825,0.7856791007547227
274,445.9867439793289,0.7921639227531876,0.7855028000733391
275,447.58649668492353,0.7923190819795927,0.7858762125579883
276,449.21435748244096,0.7922010328036228,0.785592085255207
277,450.8597558912056,0.7924051033384296,0.7860833552738078
278,452.4664913581728,0.7923902604510704,0.7860476069076503
279,454.0751005413995,0.7924574771830623,0.7862095155341289
280,455.7451890215639,0.7924983037205632,0.7863078822520692
281,457.3439948375305,0.7925288810933457,0.7863815674953405
282,458.97619720551836,0.7925117957871111,0.7863403940470229
283,460.6137960936118,0.79254205290552,0.7864133122277731
284,462.2059267993142,0.7925876592190266,0.7865232413189207
285,463.8340799975427,0.7926135624069623,0.786585688918383
286,465.46996400255284,0.7927054075375304,0.7868071727225916
287,467.07402226964933,0.7926589213189631,0.7866950593131645
288,468.7162972903346,0.7926677196488373,0.7867162768080526
289,470.344077005679,0.7926903182995109,0.7867707784088651
290,471.9833397197845,0.7927096331064005,0.7868173650095402
291,473.5712236990736,0.7926512144671687,0.786676474697382
292,475.1885400429833,0.7927051117783509,0.7868064593441938
293,476.8092201199588,0.7927241604688706,0.7868524073314924
294,478.46593371472363,0.7927218622771997,0.7868468635620509
295,480.06484417328767,0.7927680031149926,0.7869581776992242
296,481.7123916846406,0.792772633842237,0.7869693506335514
297,483.3315796998584,0.7927657326555089,0.7869526996671629
298,484.98780546247053,0.7927945537862382,0.7870222420633982
299,486.57235155630616,0.7927862252144977,0.7870021450907684
300,488.2238374900244,0.7928219329631405,0.7870883141344787
301,489.81702417113684,0.792770108429103,0.7869632573318011
302,491.45945570409015,0.7928023151841699,0.7870409711640042
303,493.0768840234638,0.7929623316128377,0.7874272646934916
304,494.68156800321066,0.7928188858393891,0.7870809603122643
305,496.3416323278901,0.7929444546885259,0.7873840934370412
306,497.9399114967345,0.7928856918237905,0.7872422123594234
307,499.5868380740737,0.7929179959369306,0.7873202046356723
308,501.2232900389804,0.7929923992123226,0.7874998838049176
309,502.8301527363335,0.7929798487854445,0.787469570796137
310,504.41067901730054,0.7929884261234827,0.7874902874164338
311,506.0524748249178,0.7929996482763271,0.7875173932850166
312,507.6487705324247,0.7930678969013594,0.7876822719381776
313,509.7251920464979,0.7929209420849178,0.7873273181677202
314,511.3828568296869,0.7930176445365006,0.787560864328305
315,512.9904676098325,0.7930533045907382,0.7876470144891857
316,514.5820704271457,0.7930922065435906,0.7877410135976007
317,516.2498946319728,0.7927319593209651,0.786871220423345
318,517.8464373880939,0.7932809936620338,0.7881974326005432
319,519.4535803792875,0.7931152120302605,0.7877966102605818
320,521.086510549263,0.7932794384202341,0.7881936708856027
321,522.7136381907839,0.7932128623305068,0.7880326676191012
322,524.3764923596282,0.7934162212205793,0.7885246202417603
323,525.9886012998373,0.7933782258439231,0.788432667516311
324,527.6007732268491,0.7934213950999838,0.7885371428711409
325,529.2561277711951,0.7934395627733367,0.7885811175903324
326,530.8594866526901,0.7934233788589591,0.7885419443569994
327,532.5134644640242,0.7935022187704203,0.7887328056448597
328,534.1185659806829,0.7934370067647829,0.7885749305567115
329,535.7504101848366,0.7934094052394597,0.7885081236205835
330,537.3616232395923,0.7934242377354523,0.7885440231940769
331,539.0028302956408,0.7935759795585755,0.7889114370192296
332,540.6448603060646,0.7935273631122535,0.7887936921896609
333,542.2519191922459,0.7936650473360674,0.7891272234337664
334,543.9262315248167,0.7936643228828768,0.7891254679097763
335,545.5435395550363,0.7936450065021554,0.7890786619553147
336,547.2015606685601,0.7937613655838568,0.7893606805734271
337,548.7890011522796,0.7938072100548126,0.7894718371644063
338,550.4508656210513,0.793747600208944,0.789327309242231
339,552.0513324725426,0.7937788640478536,0.7894031052297557
340,553.6758148177452,0.7937710795646111,0.7893842314700781
341,555.3341805281877,0.7938050650502504,0.7894666357376111
342,556.9516927539419,0.7937500181735879,0.7893331709408581
343,558.5684138723136,0.7938267667128438,0.7895192626479428
344,560.1663994329002,0.7938321405239446,0.789532295089277
345,561.814176445748,0.7937362517946547,0.7892997990117897
346,563.4687427363571,0.7937978869624975,0.7894492299686111
347,565.0945128330745,0.7936859548139865,0.7891778899276779
348,566.7070635117092,0.7938254558330966,0.7895160835844947
349,568.3370917434423,0.7937956257243113,0.7894437469360792
350,569.9987763123784,0.7938658498809946,0.789614053985282
351,571.5963353270306,0.7938468827538998,0.7895680493457753
352,573.221420014176,0.7938735539784094,0.7896327414307661
353,574.8955200503209,0.7938655181269421,0.7896132492816814
354,576.4915925082116,0.7939551954612054,0.7898308180403131
355,578.1364709486767,0.7939627578877022,0.789849169789823
356,579.7844158037232,0.7939814025150206,0.7898944176070831
357,581.3839520625243,0.7939894862090313,0.7899140368373525
358,583.0599244461333,0.7940588864432921,0.7900825037890774
359,584.757495347101,0.7940247595055938,0.7899996545954467
360,586.3611322339016,0.7940397893571424,0.790036140533993
361,588.0197220079065,0.7940674537692973,0.7901033046482798
362,589.63133545497,0.7941609698042413,0.7903304112333511
363,591.2718851360825,0.7940697160832629,0.7901087975303754
364,592.8766788814304,0.7941145666503239,0.790217706844318
365,594.4890169051052,0.7941595778956326,0.7903270301838458
366,596.1595660138348,0.7941010795127287,0.7901849539301427
367,597.7677392461876,0.7941417857985363,0.7902838138708964
368,599.4024677538777,0.7941551593034131,0.7903162972462864
369,600.9669769562269,0.7941411277636291,0.7902822156012862
370,602.5665472461088,0.7942189217570883,0.7904712011317111
371,604.1877566331653,0.7942082488721098,0.7904452691842666
372,605.7629202278224,0.7941582317734216,0.7903237603746515
373,607.3618832579881,0.7941058125783421,0.7901964477252614
374,608.9800292311904,0.7941430598632301,0.7902869084004038
375,610.6295485745345,0.7941998547079805,0.7904248747979737
376,612.2255391981178,0.7941369955891392,0.790272179276465
377,613.8655235822924,0.7941521341090901,0.7903089490609176
378,615.4734772405656,0.7941596251080731,0.7903271448659998
379,617.0952724945187,0.7942009741318252,0.7904275944920917
380,618.7305832811551,0.7941278793989155,0.7902500383667601
381,620.3478217990529,0.794237893148715,0.7905172993112636
382,621.9948466613174,0.7941792127409988,0.7903747267968236
383,623.6353679981169,0.7941599039819777,0.7903278222697733
384,625.236574949153,0.7941685481720888,0.7903488200534616
385,626.895233670369,0.7941352659024729,0.7902679782316856
386,628.5184092541989,0.7941214645751258,0.7902344589773984
387,630.1846609304094,0.7941232377421493,0.7902387653385637
388,631.8162291742088,0.7939915496491039,0.7899190449565221
389,633.3881740929253,0.794115324002417,0.7902195461038369
390,635.0179160211761,0.7940911398279831,0.7901608172207011
391,636.677326156354,0.79401488498774,0.7899756850126367
392,638.3041620719732,0.7939378536708498,0.7897887372398574
393,639.9161903906735,0.7938258772743629,0.7895171056352496
394,641.5173982601024,0.7938186560585027,0.789499593521443
395,643.1357570006562,0.7938088215117858,0.7894757448259463
396,644.7930366679519,0.7939645993002811,0.7898536384499268
397,646.4097255523286,0.7937829727977046,0.789413067328849
398,648.0311669346451,0.7937847105040181,0.7894172806415384
399,649.700257714629,0.7937158977190149,0.7892504615212845
400,651.3083023699126,0.7937373514134418,0.789302464583728
401,652.9233663437881,0.7938271041965959,0.7895200810956697
402,654.6028549115389,0.7937638922060892,0.7893668060933047
403,656.2105097083293,0.7937393333890546,0.7893072691015328
404,657.8350351878203,0.7937728595079012,0.7893885469437941
405,659.4515873337715,0.7937050232874072,0.7892241043156873
406,661.1125544785377,0.793782488080665,0.7894118920707326
407,662.7256430324719,0.7938885005480069,0.7896689985724682
408,664.3259871473423,0.7938508201359582,0.7895775990914017
409,665.9983009123246,0.7938709800767093,0.7896264979678826
410,667.62273992326,0.7937812480830444,0.7894088855513518
411,669.294270622256,0.793815610982819,0.7894922091161923
412,670.9024264958596,0.7938130513507083,0.7894860020113894
413,672.5617540329874,0.7937310769353988,0.7892872548919744
414,674.1939767114604,0.7936905962161473,0.7891891384453578
415,675.8371264980431,0.7936988343764737,0.7892091043913085
416,677.4103378293212,0.7937904750188212,0.7894312577704627
417,679.4111396966762,0.7937510057755686,0.7893355651334208
418,681.0629238223198,0.7938100571565004,0.7894787411918096
419,682.6582526882473,0.7936348522886869,0.7890540588103342
420,684.2940734149845,0.7936933692657338,0.789195859099318
421,685.932404721107,0.7936054146525948,0.7889827397503961
422,687.5609906384768,0.7936385448460186,0.7890630055496676
423,689.2259327886027,0.7937406296568157,0.7893104114161965
424,690.8297398193341,0.7937281801554039,0.7892802330885654
425,692.4954611560257,0.7936675689495364,0.7891333339565956
426,694.12902434709,0.7937698157281756,0.7893811673203937
427,695.7294191343458,0.7937058597285894,0.7892261316139065
428,697.3390628561812,0.793675703165923,0.7891530457796146
429,699.0215158575285,0.7937351239304419,0.7892970649852362
430,700.6233225235853,0.793745947311398,0.7893233022805557
431,702.2324747619172,0.7938426743161026,0.7895578423818977
432,703.9008779211196,0.7937274406566439,0.7892784405571497
433,705.529292091095,0.7936585775331308,0.7891115457664054
434,707.151926872318,0.7938059149187597,0.7894686965793601
435,708.8165188160823,0.793709084887565,0.7892339485693042
436,710.4248789860039,0.7937778538857843,0.7894006560152499
437,712.0798061691229,0.7936480129805319,0.7890859467324531
438,713.7358343595677,0.7936699968894743,0.7891392175547547
439,715.3644982331712,0.7937378131977728,0.789303583993498
440,716.987958274164,0.7937002547567624,0.7892125468953148
441,718.6014944651205,0.7937337385700052,0.7892937067891856
442,720.2638512828917,0.7937464901787832,0.7893246182985746
443,721.9154508037251,0.7935849128476298,0.7889330756888501
444,723.5223955274188,0.7937426843149334,0.7893153922040952
445,725.1823861497093,0.7936551435878678,0.7891032248082375
446,726.8036029033526,0.7937021506423809,0.7892171418945183
447,728.4290068219614,0.7937453299585171,0.7893218056991578
448,730.0457295180217,0.7938063015451002,0.7894696341103831
449,731.7042228379071,0.7938247929978914,0.7895144761257696
450,733.3465356491333,0.7937299539656956,0.7892845327983363
451,734.9575342696733,0.7938217681023009,0.7895071404391835
452,736.6288308084979,0.7936825455962689,0.7891696277913136
453,738.2414448146394,0.793725817266985,0.7892745055129636
454,739.8627077614472,0.7937574280081344,0.7893511345003906
455,741.5322428383688,0.7937691376995166,0.7893795234593195
456,743.1835342200657,0.7937996141800534,0.7894534181526319
457,744.7954611021261,0.7939133380173051,0.7897292547105401
458,746.4779930104735,0.7939134033847924,0.7897294133027968
459,748.1009294671251,0.7939132065689611,0.7897289357954271
460,749.7713396814327,0.7938453201618589,0.7895642594779829
461,751.3901335628199,0.7939888285547291,0.7899124406730585
462,753.0075140260702,0.7938673991056291,0.789617811806233
463,754.6540443459556,0.7939562304341806,0.7898333295706981
464,756.3238809201974,0.7940124926383528,0.7899698779534847
465,757.9353112988509,0.7940151362390748,0.7899762948904137
466,759.6040030566688,0.7941210372133901,0.7902334210807297
467,761.186648920738,0.794145921353195,0.7902938586393685
468,762.8641397236152,0.7941824966431489,0.7903827044369631
469,764.4819258971459,0.7942085255087075,0.7904459413122359
470,766.168419718526,0.794203268233715,0.7904331681692913
471,767.792773962837,0.7942648242957685,0.7905827460304368
472,769.4112551405963,0.7943323360565278,0.7907468473804012
473,771.0242512979403,0.7942341169183385,0.7905081231908806
474,772.5740221612284,0.7942300926208513,0.7904983444606206
475,773.976271019507,0.794205873793105,0.7904394986291148
476,775.3292620006814,0.7943368573686,0.7907578392925072
477,776.6239688665282,0.7942812058962333,0.7906225599626759
478,777.7862275234818,0.7941891978842817,0.7903989842725436
479,778.9321801251147,0.7942868756808166,0.7906363405769885
480,780.0368200764742,0.7941857020719738,0.7903904915632614
481,781.1098720211813,0.7943681389641831,0.7908338956398115
482,782.1963595518723,0.794384207423907,0.7908729681052491
483,783.2327082841847,0.7942473845641824,0.7905403638942664
484,784.2490767422911,0.7942922132621085,0.790649314106405
485,785.3137092993766,0.7943018093068434,0.790672639107166
486,786.3411883933202,0.7942634125057234,0.7905793149564937
487,787.393455313168,0.7942629083843191,0.7905780897957364
488,788.4345978676679,0.7942864409385472,0.7906352839069014
489,789.4183946376061,0.7942937242287834,0.790652986724365
490,790.4542792514935,0.7942376702192518,0.7905167575950415
491,791.4307314617344,0.794143783008385,0.7902886648299529
492,792.4377931422274,0.7942177283487096,0.7904683014362474
493,793.446700824525,0.7943105090833842,0.7906937864991057
494,794.4548224540339,0.7942085488580235,0.790445998042762
495,795.4636188687779,0.7942765137973069,0.7906111559355472
496,796.4677147934198,0.7942143660959173,0.790460132060679
497,797.4792754145792,0.7943172604598941,0.7907101983422267
498,798.4784794927938,0.7942265640762878,0.7904897705288074
499,799.4905236333856,0.7938155402564883,0.7894920376038898
500,800.5051945724097,0.7945409685507254,0.7912543126324626
501,801.5795620759253,0.7943131235014167,0.7907001417937692
502,802.5851843088976,0.7943819110150674,0.7908673839135213
503,803.602365974389,0.7943689689284517,0.7908359137267443
504,804.5901603771747,0.7942431886849523,0.7905301675805065
505,805.6135068800709,0.7940801075625102,0.7901340287427097
506,806.6255016757839,0.7938945923329768,0.7896837766780364
507,807.6348486130036,0.7940040220157208,0.789949317365659
508,808.6481652220971,0.7940989601434716,0.7901798073311597
509,809.634985819232,0.7941924211048165,0.7904068148765293
510,810.6548820534433,0.7940174620937042,0.7899819406153425
511,811.6645481124277,0.7940419948339359,0.7900414946958361
512,813.1171580726752,0.7940037214908979,0.7899485879227671
513,814.0583653760508,0.7939087631768056,0.7897181555212991
514,815.0055363956859,0.79399624740079,0.7899304469287273
515,815.97257168072,0.794084088247961,0.7901436944527098
516,816.9423064090465,0.7939110219390199,0.7897236355568096
517,817.9121354612706,0.7939343027670358,0.7897801212148313
518,818.876553391784,0.7940915997019616,0.7901619339149797
519,819.830952842349,0.7938913759209266,0.7896759739061691
520,820.7925832317759,0.7940525146232816,0.7900670340236419
521,821.8046436487823,0.7938979964139157,0.7896920348530377
522,822.8196056788405,0.7937707182741602,0.7893833555256817
523,823.8231882277653,0.7937317122965979,0.789288795022616
524,824.8559685307368,0.7936830934710646,0.7891709555401575
525,825.8452453167001,0.7935291848579576,0.7887981038002463
526,826.8656424393545,0.7935645685409687,0.7888837980308108
527,827.8583374408096,0.7936223223826566,0.7890237011511209
528,828.8617644656159,0.7933455683307709,0.7883536464820489
529,829.9072331399683,0.7934218014183456,0.7885381263194547
530,830.9232853183471,0.7936196645478432,0.7890172619428454
531,831.9158657019026,0.7935933693665168,0.7889535603642532
532,832.9294662677953,0.7936264826477563,0.7890337805043741
533,833.9393762325944,0.793617538866569,0.7890121120570232
534,834.9455922370392,0.7936234382400951,0.7890264045938283
535,835.9327130297628,0.793588381234309,0.7889414772448288
536,836.9487839112578,0.7934586171132127,0.7886272426349625
537,837.9586925485502,0.7935222113828546,0.7887812167711097
538,838.9398231504794,0.7935328563867022,0.7888069950360043
539,839.9524593325212,0.7936275289290878,0.7890363154322981
540,840.9780798924347,0.793630933393583,0.7890445638497325
541,841.9589408219247,0.7935411595103259,0.7888271030552241
542,842.9663058665806,0.7936519381435475,0.7890954576666691
543,843.9586214144819,0.7935088468234888,0.7887488546295102
544,844.9742297734474,0.7934974629627728,0.788721290380979
545,845.9875559464127,0.7934942244743725,0.788713449162529
546,847.0006297630528,0.7935818355788796,0.7889256216653711
547,847.9998765509282,0.7934795832591716,0.7886780005263865
548,849.0171600724351,0.7935473290082785,0.7888420445082512
549,850.0226559484628,0.7935755140206826,0.7889103093952085
550,851.0446304027985,0.7935903914170981,0.7889463466232812
551,852.0606213052206,0.7935669697483267,0.7888896139445477
552,853.0605192898156,0.7936077649037823,0.7889884333701319
553,854.055813319416,0.7935260440574228,0.7887904979392335
554,855.081747862577,0.7936348075196973,0.7890539503400202
555,856.0971119389872,0.7936564946707699,0.7891064986657709
556,857.0907754023456,0.7937556378782268,0.7893467946540597
557,858.095578706098,0.793863392436689,0.7896080932319182
558,859.0954909426795,0.7939275525960204,0.7897637427963233
559,860.109248193697,0.7937831380626644,0.7894134680353966
560,861.1027415712732,0.7939528756161613,0.7898251886045459
561,862.1148374460619,0.7938743469319476,0.7896346648983238
562,863.1426640357636,0.793952231664957,0.7898236259760937
563,864.1646298138354,0.7936792454153937,0.789161630032494
564,865.1815360556149,0.7938080833423741,0.7894739548170433
565,866.1995138780726,0.7939878269360797,0.7899100096975746
566,867.2068420934576,0.7941633188883348,0.7903361173851328
567,868.2345408787476,0.7941358770717811,0.7902694626292396
568,869.2231464079305,0.7941404249779702,0.7902805086443512
569,870.2661068842705,0.7941824140101816,0.7903825036937093
570,871.3136531260501,0.7942798981312729,0.790619381447049
571,872.3623580013505,0.7943730409767331,0.7908458151715302
572,873.4156664806801,0.7941060041707396,0.790196912994556
573,874.4297568694336,0.7938963861427863,0.7896881283775767
574,875.4483956805526,0.7940585338207868,0.7900816476652143
575,876.4537532391195,0.7944468585010748,0.7910253411871153
576,877.4579049644024,0.7943094914169027,0.7906913127121378
577,878.4998878888289,0.7944276127038192,0.7909785287273636
578,879.4926633118145,0.794243453786102,0.7905308117908217
579,880.5342803922376,0.7943543533702924,0.7908003766808628
580,881.5424933088804,0.7944006687126202,0.7909129989498526
581,882.5578705549422,0.7944591603386731,0.7910552658227603
582,883.5652510812431,0.7944752721770761,0.7910944611231837
583,884.5822646735303,0.7943953155797144,0.7908999807576619
584,885.6009320378555,0.7943577165946466,0.790808553979803
585,886.6109454171824,0.7945119130527407,0.7911836088929003
586,887.6043086525788,0.7944835119423755,0.7911145072036792
587,888.6202656851686,0.7943872450925986,0.7908803549190055
588,889.6405973566931,0.794351740852271,0.7907940247316004
589,890.652691413873,0.7943940987685566,0.7908970216627351
590,891.6334664141431,0.7944029723340776,0.7909186011917191
591,892.6553397299078,0.7945361730967323,0.7912426426708241
592,893.6743509052972,0.794367621284207,0.7908326368871021
593,894.6695851916779,0.7945349136489888,0.7912395777909802
594,896.1025968095246,0.7944461350669367,0.7910235814648855
595,897.0693900879601,0.7944684526342722,0.7910778708332009
596,898.0406157220474,0.7944311509766164,0.7909871347062458
597,899.0132868324741,0.7944954220111928,0.7911434839880933
598,899.9849510893092,0.7944389788583619,0.7910061746308884
599,900.9545156892184,0.7945151789003921,0.7911915555180606
600,901.9394272154117,0.7944340415458648,0.7909941654153851
601,902.9481335957622,0.7945270386504288,0.7912204143219246
602,903.9814623078479,0.7945177928932238,0.791197916108211
603,904.9945967632609,0.794524584912952,0.7912144434077719
604,905.9938386938281,0.7945041202127172,0.7911646474718831
605,907.000689497271,0.7944127537970138,0.7909423897059199
606,907.9905446156968,0.7945263199880575,0.791218665524638
607,909.0118101684461,0.7946493519811613,0.7915181414523942
608,910.0251531350498,0.7945062332624928,0.791169788841729
609,911.0408810105118,0.7946365597588501,0.7914869951570004
610,912.0245755734687,0.7945320850426223,0.7912326944149616
611,913.0418519270207,0.7946304851793838,0.7914722055488332
612,914.0338838690884,0.7945198276486901,0.7912028673046418
613,915.0538717103723,0.7945974730070154,0.7913918393868772
614,916.0706033650366,0.7945733812374831,0.7913331975650667
615,917.0619500911545,0.7944812258617575,0.7911089454409101
616,918.0878787512322,0.794523463426517,0.7912117144112787
617,919.0746537269124,0.7946701319955211,0.791568740430351
618,920.108601946068,0.7946945839956359,0.7916282871889854
619,921.0961333800423,0.7946872573716066,0.791610444276109
620,922.1177908127777,0.7946747886802237,0.7915800800799432
621,923.1111614110978,0.794676835057821,0.7915850633642216
622,924.1197398000129,0.794597877684778,0.7913928244725211
623,925.1275301727951,0.7946914258752646,0.7916205959742505
624,926.1354840800652,0.7945089039508582,0.7911762871062813
625,927.1438142914909,0.7946242981740711,0.7914571426702837
626,928.1471453757385,0.7945203271617303,0.7912040827835896
627,929.1539504503442,0.7946419078507434,0.7915000163683854
628,930.1677874818029,0.7945508210742512,0.7912782900641103
629,931.1726938851541,0.7945840393083086,0.7913591395471318
630,932.1682468223739,0.7945874990706777,0.7913675609752764
631,933.1837496408723,0.7945253869977702,0.7912163951896516
632,934.1975459326127,0.794472246548204,0.7910871004356559
633,935.2112583695226,0.7946632087499855,0.7915518818776046
634,936.2168351304382,0.7945276453810869,0.7912218907486765
635,937.2437879770818,0.7946865931291703,0.7916088266430451
636,938.2331197679468,0.7945509547069788,0.791278615285101
637,939.2661625120021,0.7946856163282752,0.7916064478442459
638,940.2788900767097,0.7945804337372365,0.7913503633560881
639,941.2838601519347,0.7945589573247708,0.7912980915830875
640,942.2666508564523,0.7946811244347185,0.7915955089018787
641,943.2934880402448,0.7945024670883629,0.7911606252070409
642,944.3183091622257,0.7946601135310273,0.7915443450021836
643,945.3491811798677,0.7946724774243604,0.7915744518308839
644,946.3959788897987,0.7946726996588523,0.7915749930019101
645,947.3901677683042,0.7947200318553613,0.791690266647438
646,948.3868593150204,0.7946318372170382,0.7914754972791227
647,949.410056096863,0.7947050404219963,0.7916537533769983
648,950.4256716664186,0.7948092126047213,0.7919075312139378
649,951.4341098400033,0.794630025335218,0.7914710859969577
650,952.4205545973098,0.794487965075172,0.7911253413247867
651,953.4337545927858,0.7947186913881178,0.791687001684765
652,954.4502048167893,0.7947064739639587,0.7916572448094485
653,955.4375002818983,0.794830040260469,0.7919582857169232
654,956.468023358874,0.7947683799343936,0.7918080418348977
655,957.4861586110228,0.7947003026730982,0.7916422146274832
656,958.4679345405126,0.7946894417064578,0.7916157638350487
657,959.5091361339848,0.7947548296671438,0.7917750307912245
658,960.4925537329244,0.794731315936904,0.7917177520172836
659,961.5037904949711,0.7948224394090885,0.7919397627552753
660,962.5169468683728,0.7948505015938439,0.7920081525535685
661,963.5279401955303,0.7947814416711421,0.7918398647879392
662,964.5234999150495,0.7947799408129447,0.7918362080701415
663,965.5339903603626,0.7947485279278245,0.7917596792909468
664,966.54869954534,0.7948624655778492,0.7920373125880116
665,967.5661546787676,0.7950091411653579,0.7923949459442328
666,968.5766793706533,0.7948913273860096,0.7921076649952078
667,969.560596049342,0.7949097192698306,0.7921525014914573
668,970.5754480118251,0.7950538005873331,0.7925038880885288
669,971.5872080396208,0.7949112890733939,0.7921563286098502
670,972.5806658688925,0.7949197921176785,0.7921770592013112
671,973.5928945422215,0.7950286316385078,0.7924424880636566
672,974.6137952598823,0.7951932854608965,0.792844300259381
673,975.6264178065985,0.7951920149832319,0.7928411986185805
674,976.6167790269931,0.7952284244001169,0.7929300932326723
675,977.6403131885656,0.7952404429292039,0.7929594402789201
676,978.6525745757302,0.7952866504857521,0.7930722867114952
677,980.0869619229261,0.7952747271731867,0.7930431655882839
678,981.0187459306029,0.7951478560590832,0.7927334045688346
679,981.9777284770498,0.7947560547560585,0.7917780152526099
680,982.9755386918152,0.7949013781020643,0.7921321665489126
681,983.9400919803508,0.7952570072745697,0.7929998901989098
682,984.9069175532461,0.7952217972045816,0.7929139115720161
683,985.8888208303888,0.795111645657171,0.7926450305805222
684,986.8999935748482,0.7952055991089427,0.7928743627948235
685,987.9216059588076,0.7951067516066422,0.7926330875101248
686,988.9394598370977,0.7951656328251795,0.7927767957121238
687,989.9518137873531,0.7950774490572585,0.7925615857537722
688,990.9758619981055,0.7950615033253096,0.7925226805393105
689,991.9920724614099,0.7949902405809017,0.7923488470272361
690,992.984606626026,0.7951871497891988,0.7928293213076262
691,993.9966171433043,0.7950268909354101,0.7924382418713217
692,995.033722029486,0.795205442109439,0.7928739794849212
693,996.0259539433007,0.795138196988991,0.7927098294131294
694,997.045729085643,0.7951671376538735,0.7927804690073876
695,998.0627850755977,0.7952600229466262,0.7930072547837134
696,999.1055465028656,0.794765533354142,0.7918011068399157
697,1000.1100791562911,0.7955392560129222,0.7936896414347626
698,1001.1367261037184,0.7952915498887252,0.7930842533507358
699,1002.1542335946024,0.7953481545594646,0.7932225292698108
700,1003.1630875582164,0.7954844889629342,0.7935557288918154
701,1004.1739075199722,0.7954325991342597,0.7934288846080699
702,1005.2012775423007,0.7954217944249744,0.793402476627347
703,1006.2247894620407,0.7954647126680001,0.7935073820971671
704,1007.2443389565337,0.795419947145853,0.7933979617994449
705,1008.2591946513553,0.7954432189038374,0.7934548419336163
706,1009.2954217385386,0.795389570418684,0.7933237256465315
707,1010.293474312215,0.7955133284003846,0.793626240587651
708,1011.3284969620313,0.7954251000962493,0.7934105559287887
709,1012.3497229465725,0.7955377185975203,0.7936858817653225
710,1013.3566519395706,0.7955450817358997,0.7937038881939741
711,1014.3615660333527,0.7955406961221587,0.7936931631726772
712,1015.3883959705186,0.795487040484383,0.7935619668963373
713,1016.4404566692992,0.7955132594122777,0.7936260719016073
714,1017.4863717252401,0.7954119063055755,0.7933783101223867
715,1018.4917201650858,0.7954043107728921,0.7933597474788967
716,1019.5264021724126,0.7952673203415593,0.7930250762299426
717,1020.5377537820176,0.7952081470925937,0.7928805836668067
718,1021.561962692789,0.7955362455690188,0.7936822795772192
719,1022.5732611399067,0.7958012458727579,0.7943307372539902
720,1023.6177871292421,0.795815230892196,0.7943649820720299
721,1024.6256375433127,0.795768276365976,0.7942500148088039
722,1025.6546485602814,0.7957391476244912,0.7941787069240466
723,1026.6698885646183,0.7958005774906499,0.794329100659739
724,1027.6841003122827,0.7957537637606842,0.7942144863183499
725,1028.7178868211581,0.7958019160726304,0.7943323783045814
726,1029.7211476035661,0.7958590229033474,0.7944722298067769
727,1030.7459551328568,0.7957997341212675,0.7943270356009096
728,1031.7579213687645,0.7957598455819576,0.7942293749937452
729,1032.7671717216433,0.7957095527245379,0.7941062682852996
730,1033.804548072098,0.795719825168242,0.7941314106796632
731,1034.8339075743208,0.7956956684412808,0.7940722877158414
732,1035.8469322949175,0.7955654735525719,0.7937537594169976
733,1036.8874729939134,0.7956511468135039,0.7939633404969896
734,1037.895698183685,0.7956825291254581,0.7940401325157298
735,1038.897480272619,0.7958707549363075,0.7945009657574451
736,1039.9325954713595,0.7958211456155412,0.7943794660343745
737,1040.9376840167831,0.7957328891319904,0.7941633873056501
738,1041.9763137211928,0.7956903867727392,0.7940593619001437
739,1042.988999400447,0.7956094325560916,0.7938612846260564
740,1043.9957640694397,0.7955959581715197,0.7938283233680771
741,1045.0290752615276,0.7953627726335725,0.7932582450391417
742,1046.056248684567,0.7951300156839093,0.7926898619482271
743,1047.0669684496033,0.7956434690998735,0.7939445550492557
744,1048.1005190514247,0.7958505708527028,0.7944515287309823
745,1049.108554306563,0.7957398469111261,0.7941804186760144
746,1050.1230698040456,0.7957574025320217,0.7942233942028192
747,1051.139090027322,0.795814976363002,0.7943643587908799
748,1052.1786750910467,0.7956757108140442,0.7940234472131472
749,1053.1854791038406,0.7955145675529027,0.7936292705070659
750,1054.215322317529,0.7954405788945235,0.7934483889764863
751,1055.232539290058,0.7957057006193009,0.7940968403630178
752,1056.270350380177,0.795767845911927,0.7942489609725344
753,1057.280941301102,0.7956733300747981,0.7940176213630102
754,1058.3169526767663,0.7956362343725893,0.7939268541243288
755,1059.3198920165014,0.795613904555203,0.7938722245830487
756,1060.350805113219,0.7956291372696354,0.7939094905283368
757,1061.3644079507862,0.7955649916877711,0.793752580887516
758,1062.8446446447729,0.7955033882563987,0.7936019360637432
759,1063.8634918715507,0.7956818821204303,0.7940385491856295
760,1064.8998991060582,0.7954953344875111,0.7935822447587609
761,1065.9260482962338,0.7956402644802425,0.7939367143541465
762,1066.9637116081203,0.7956007726672532,0.7938401004161021
763,1067.984173179211,0.795692955648894,0.7940656486633169
764,1068.996472261385,0.7956738209987986,0.7940188226858489
765,1070.0256786171992,0.7957657885441841,0.794243924161878
766,1071.0464735633877,0.7957712164367787,0.7942572127404298
767,1072.0568022623838,0.7957538506456882,0.7942146990151028
768,1073.0769823165742,0.7956704908382665,0.7940106736238666
769,1074.087940883598,0.7955716753130655,0.7937689277319395
770,1075.1139534242811,0.7955989124178484,0.7938355499073647
771,1076.1241917237514,0.7955010222031218,0.7935961510300232
772,1077.1601427160765,0.795409041389059,0.7933713085017015
773,1078.173858934559,0.7952231468560296,0.7929172069810906
774,1079.2118076365443,0.7950408113737549,0.7924721997673662
775,1080.2433703751324,0.7954390785978473,0.7934447218484554
776,1081.2706058857584,0.7955121294560112,0.7936233090008412
777,1082.2861768553516,0.7954906906515337,0.7935708910245047
778,1083.2990805177997,0.795305154529603,0.7931174837644372
779,1084.3063936966903,0.7953071942614415,0.7931224661615184
780,1085.3496316314322,0.7954278633770552,0.7934173096885846
781,1086.366199469053,0.7954739976325073,0.7935300803204959
782,1087.376405979679,0.7954507499245549,0.7934732504149015
783,1088.4161801340338,0.7956160165279723,0.7938773912351065
784,1089.4147202073464,0.7956124211620966,0.7938685956969447
785,1090.4710545859461,0.7954494602333706,0.7934700979048871
786,1091.5010472536462,0.795616704794697,0.7938790749968963
787,1092.5372640389899,0.7956331467536506,0.7939192999583421
788,1093.57482232397,0.7955494868979868,0.7937146612523621
789,1094.5868759689386,0.7956189987100293,0.7938846868258939
790,1095.6349677182998,0.7955388589772177,0.7936886705018802
791,1096.6681090542643,0.7956530827730512,0.7939680774179159
792,1097.7085304664226,0.7956536135617267,0.7939693761636272
793,1098.7411704959154,0.7956554419326398,0.7939738498886697
794,1099.7822914149822,0.7955188007522116,0.7936396214721101
795,1100.8039870731477,0.7956613928810554,0.7939884111647949
796,1101.8484608662752,0.7955421707682956,0.7936967693951057
797,1102.8771273276136,0.7955893896068027,0.7938122560263564
798,1103.93869036726,0.7956303170240195,0.7939123768443546
799,1104.9749489593855,0.7954222160889779,0.793403507197629
800,1105.99116152579,0.7952855415663682,0.7930695782501685
801,1107.0294230808015,0.7952876382572814,0.7930746992896559
802,1108.0679068391314,0.7951331309904266,0.7926974651366935
803,1109.0993688674391,0.7953775232996902,0.7932942873515844
804,1110.1279558308916,0.7954413209979536,0.7934502028865283
805,1111.1727014289963,0.7955298964544585,0.7936667535589231
806,1112.2117500817485,0.7956160889580699,0.7938775684263648
807,1113.2515437171285,0.7954806944276265,0.7935464520890744
808,1114.2848548047698,0.7954596611881325,0.7934950335739477
809,1115.3165169247848,0.7955859742038087,0.7938039018258225
810,1116.3523349278828,0.7954764075515215,0.7935359718286278
811,1117.3911939609304,0.7954387491591671,0.7934439166154402
812,1118.4224257666358,0.7954374563961704,0.7934407567821227
813,1119.4470610504848,0.7955851106170327,0.7938017894831187
814,1120.5075417895846,0.795458395700965,0.7934919400930722
815,1121.5221865286842,0.7955095466147892,0.7936169936509291
816,1122.5855656930848,0.7954647669701986,0.7935075148424903
817,1123.6127490590527,0.7954861379220645,0.7935597602872082
818,1124.6291524100732,0.7954945984039185,0.7935804450876726
819,1125.7145715517422,0.7954306672898472,0.7934241628506382
820,1126.7667887743992,0.7953707180354276,0.7932776587993077
821,1127.852653482364,0.7954429113800082,0.7934540902508895
822,1128.9259545268583,0.7953084475623018,0.79312552758982
823,1129.9936464441746,0.7954701775803439,0.7935207416143044
824,1131.0884119973819,0.7955176510454727,0.7936368102026367
825,1132.1140125061493,0.7954642124955044,0.7935061593940073
826,1133.1511741774582,0.7954672038496808,0.7935134719921779
827,1134.191131724067,0.7954871332985883,0.7935621938116061
828,1135.2303234266183,0.7955532671371716,0.7937239062135895
829,1136.2729788256333,0.7954364630220949,0.7934383287431329
830,1137.3045552047988,0.7954751066659742,0.7935327915563802
831,1138.3801739115247,0.7955630902930034,0.7937479305442573
832,1139.4691193597196,0.7955015072107483,0.7935973368750745
833,1140.543827881119,0.7954811185351802,0.7935474889300522
834,1141.608815257914,0.7955935788957268,0.793822503370771
835,1142.6450484601557,0.7954901146236195,0.79356948270939
836,1143.674302781792,0.7955323303668068,0.7936727053503886
837,1144.702497884435,0.795515948071907,0.7936326461110091
838,1145.7361700734796,0.7954206322032314,0.7933996361037479
839,1147.2165522736473,0.7954964319663739,0.7935849280271471
840,1148.2075792315247,0.7955125196422037,0.7936242630588096
841,1149.192114957831,0.7955792992652118,0.793787575085053
842,1150.2070269205565,0.7955113236191946,0.7936213386266896
843,1151.2036196108802,0.7955753030174237,0.7937778006133077
844,1152.2332208579119,0.7954744143448043,0.7935310990484733
845,1153.2604824870973,0.7955553126569652,0.7937289088125498
846,1154.3164546819594,0.7956129685778204,0.7938699348596764
847,1155.3336206142772,0.7955883651875162,0.7938097502446911
848,1156.3735336719687,0.7953591652097135,0.7932494309242586
849,1157.4125858700359,0.7957154961616777,0.7941208150340029
850,1158.4164965600094,0.7955672408057736,0.7937580817319974
851,1159.4702170609933,0.7956761083977306,0.7940244201373032
852,1160.510128429951,0.7955620253290416,0.7937453259236203
853,1161.5502228091702,0.7955950383991559,0.7938260734852319
854,1162.5559419916162,0.795629919880988,0.7939114052162737
855,1163.5857542796398,0.7956765487363914,0.7940254976890564
856,1164.6163000319905,0.7957046601596249,0.7940942938968911
857,1165.6546487753187,0.7956847862097184,0.7940456560197103
858,1166.7203367039738,0.7956768643680683,0.7940262700720568
859,1167.732368406525,0.7955805225804828,0.7937905672451597
860,1168.7670822116108,0.7955917458232298,0.7938180194992078
861,1169.829987942927,0.7957440909186493,0.7941908075148296
862,1170.86758785658,0.7957969473864318,0.7943202121136619
863,1171.899570040211,0.795708836437536,0.7941045151789854
864,1172.931721059442,0.7956212774993866,0.7938902617131068
865,1173.970067916751,0.7956995658027131,0.794081825934088
866,1175.0170900811518,0.7957359101666238,0.7941707821744588
867,1176.060582403973,0.795686960057867,0.7940509758871663
868,1177.0937130177526,0.7956664317536724,0.7940007410294665
869,1178.1228458192295,0.7957618281356251,0.7942342285038093
870,1179.1509151006007,0.7963443427472278,0.7956623329908833
871,1180.210018849908,0.7954984676104838,0.7935899050900442
872,1181.2671240293105,0.7964047833865444,0.7958107443108805
873,1182.2988252171697,0.796285675990279,0.7955183195386094
874,1183.3044196077817,0.7962588475099703,0.7954524755829021
875,1184.3514594650371,0.7962963875912874,0.7955446109707075
876,1185.3958485880412,0.7963963344791991,0.7957899954637759
877,1186.4585984753,0.7961852937668386,0.7952720003367337
878,1187.4672743853982,0.796347224533414,0.7956694081849005
879,1188.531811374626,0.796212982434321,0.7953399310296342
880,1189.56047499258,0.7961779752420957,0.7952540467908749
881,1190.593018557692,0.7962611849824972,0.7954582119938014
882,1191.6288996249177,0.7961900705377051,0.7952837188896583
883,1192.6906132230224,0.7962765049188685,0.7954958104071976
884,1193.7135771811154,0.7962333358368623,0.7953898714509104
885,1194.7502813821718,0.7962483902266073,0.7954268130820337
886,1195.7842441926714,0.7962620939511202,0.7954604427190821
887,1196.8295820979215,0.7961900888666968,0.7952837638555554
888,1197.8631105160591,0.7962340654806895,0.7953916618446839
889,1198.8937139372401,0.7961191976460885,0.795109879047838
890,1199.9831479763209,0.7961735844920579,0.7952432758676863
891,1201.0585501473201,0.7960918680531022,0.7950428600810923
892,1202.1395540081844,0.7960862715172756,0.7950291370898307
893,1203.2173015211806,0.7960458964488959,0.7949301465214639
894,1204.304870469685,0.7960472820297668,0.7949335433287683
895,1205.3814333257553,0.7960083663736112,0.7948381488071347
896,1206.444193900509,0.796026881036958,0.7948835318046658
897,1207.478034360043,0.7959281958387894,0.7946416829431799
898,1208.517178839992,0.796001756615205,0.7948219480169213
899,1209.5705074633063,0.7959735378288387,0.7947527885125406
900,1210.6074032797846,0.7958655855514436,0.794488303878917
901,1211.6422281022424,0.7959952038332033,0.7948058873963693
902,1212.6806577393731,0.7959456067422841,0.7946843435310457
903,1213.7765739649658,0.795848068397669,0.7944453997897776
904,1214.8488036429274,0.7959534130944714,0.7947034720128865
905,1215.8862332566532,0.7959029267722274,0.7945797745812395
906,1216.924936267535,0.7959645951124483,0.7947308734131067
907,1217.9575583539913,0.7958751814220986,0.79451180823566
908,1218.9993721278886,0.7959521365721294,0.7947003440057769
909,1220.0386268430175,0.7958932627955736,0.7945561001901422
910,1221.0508580242783,0.7959312885435577,0.7946492604922103
911,1222.0950831226928,0.7958837297115307,0.7945327475523198
912,1223.12770137468,0.7958955487987371,0.7945617002403819
913,1224.1659747718365,0.7957658851327419,0.7942441606271105
914,1225.2281706920885,0.795746365893573,0.7941963764787905
915,1226.2642547899375,0.7959153414267783,0.7946101891088571
916,1227.3059846471926,0.7959088029273672,0.7945941702794204
917,1228.3536201067266,0.7958674524933742,0.7944928767248844
918,1229.3966596526618,0.7957115382729043,0.7941111279300896
919,1230.8691035811553,0.7958023064817901,0.7943333342624564
920,1231.875558468818,0.7958780992893983,0.7945189555491887
921,1232.8708247710085,0.7956517517923611,0.7939648207591569
922,1233.9268310072127,0.7957562290727423,0.7942205215016224
923,1234.9490146537703,0.7956830744030815,0.7940414669056591
924,1236.0020212421791,0.7958234959434458,0.7943852216289958
925,1237.0507063076006,0.795755911960563,0.7942197451941448
926,1238.109484724553,0.7956142216589783,0.7938730003305883
927,1239.1598274156577,0.7956591529392593,0.7939829302389172
928,1240.205312558458,0.7956923931240161,0.7940642719998119
929,1241.2470038356548,0.7957767004394133,0.7942706390463823
930,1242.281445936547,0.7956068521665889,0.7938549722672064
931,1243.2897967578735,0.7956205504572397,0.7938884830522833
932,1244.347126685909,0.7957375301934841,0.7941747477106573
933,1245.3888008869117,0.7956653385675287,0.7939980660328206
934,1246.4475193230408,0.7955714401226676,0.7937683524930068
935,1247.4796513219103,0.7956041561288786,0.7938483770854257
936,1248.4972389170791,0.7956881078988065,0.7940537849202172
937,1249.5298512770682,0.7956024957838999,0.7938443155100932
938,1250.587502047976,0.7955671318464473,0.7937578152402237
939,1251.5988871764478,0.7955273293830873,0.7936604762225001
940,1252.66063016748,0.795648709880426,0.7939573778539176
941,1253.6968980085483,0.7955741845444917,0.7937750649607943
942,1254.7423646960979,0.7955100038223168,0.7936181115711819
943,1255.7745039055578,0.7953877922680067,0.7933193804551488
944,1256.807426761628,0.7957733618372681,0.7942624652119977
945,1257.8370271983763,0.7955298610336766,0.7936666669428892
946,1258.8972789584568,0.7956107477858438,0.7938645020787998
947,1259.9341327437469,0.7955411959259171,0.7936943854314832
948,1260.9698419333567,0.7955773809326523,0.7937828829879425
949,1262.00263326819,0.7956476448250168,0.7939547719182442
950,1263.017963139316,0.7955531409456612,0.7937235975965975
951,1264.0724160170405,0.7955814318255294,0.7937927912188246
952,1265.1065729859606,0.7955428135801658,0.7936983413889078
953,1266.1406256411367,0.7955665507138049,0.7937563939134534
954,1267.1493813059008,0.795475988949697,0.7935349484713927
955,1268.1990591715592,0.7956421809531449,0.7939414033450671
956,1269.2458505261345,0.7955302555938969,0.7936676317796204
957,1270.285453863338,0.7955515364209311,0.7937196735489469
958,1271.3272187398236,0.795620330045919,0.7938879438317249
959,1272.362810127446,0.7955816151493738,0.7937932396221379
960,1273.3811227327687,0.7949469999827221,0.792243398294463
961,1274.432975513938,0.7958748148432793,0.7945109103083706
962,1275.4668062962382,0.7949469724829725,0.792243331239244
963,1276.5077262332964,0.7961820408993688,0.7952640204378042
964,1277.5416389093996,0.7955000402354868,0.7935937501249233
965,1278.6027354271357,0.7960525856375706,0.7949465455501057
966,1279.6096930559174,0.7957092200456642,0.7941054540558357
967,1280.6586094639013,0.7959011812979675,0.7945754985111114
968,1281.6962130362308,0.7958307439765553,0.7944029713739885
969,1282.729782868896,0.7958910862237087,0.7945507682733975
970,1283.8208924664352,0.7958311155040911,0.7944038812266302
971,1284.9018975024728,0.7959238327076965,0.7946309928714459
972,1285.9834958456554,0.7959028593404361,0.7945796093858767
973,1287.0615439398953,0.7959085355221331,0.7945935151677285
974,1288.1523992693153,0.7958895149833891,0.7945469192639575
975,1289.2202069112939,0.7959534915422771,0.794703664243058
976,1290.2721846881807,0.7958716295228719,0.7945031079993314
977,1291.3210427422632,0.7958168974564392,0.794369063108661
978,1292.3552270128612,0.795942764817124,0.7946773799334365
979,1293.3843422414434,0.7959260131736081,0.7946363351845371
980,1294.4398292331489,0.7959438345681937,0.7946800011437867
981,1295.4773344756018,0.7958853747112501,0.7945367771339544
982,1296.4907775021047,0.796029903847693,0.794890941685804
983,1297.5207685081925,0.7958818570995273,0.7945281604524996
984,1298.5582839929896,0.7958969565241294,0.794565148793901
985,1299.602344976292,0.7958829927432226,0.794530942289622
986,1300.6438142385405,0.7958567929490156,0.7944667680367195
987,1301.6788920994586,0.7959083311173766,0.7945930144004504
988,1302.6957318517555,0.7957984576095571,0.7943239099739305
989,1303.7628640389416,0.795930510774332,0.7946473548405844
990,1304.8039750858059,0.7957425729094353,0.7941870915793153
991,1305.8177472622726,0.7959215805536037,0.7946254749765941
992,1306.85625803081,0.7958654219754433,0.794487903221499
993,1307.9020454501867,0.7958342464339775,0.7944115487855257
994,1308.9313702967227,0.7957450389177262,0.7941931281362529
995,1309.9668772710022,0.7958978693951297,0.7945673850982361
996,1311.0156739741192,0.795684122730843,0.7940440323574635
997,1312.048320649091,0.795835905125508,0.794415610921901
998,1313.0879028357115,0.7957091432263587,0.7941052660412539
999,1314.5511931432618,0.7957773165976522,0.7942721475891629
1000,1315.5574453681274,0.7957161124749397,0.7941223235042492
